City_ID,City,Country,Date,Lat,Lng,Max Temp,Humidity,Cloudiness,Wind Speed
0,Ilulissat,GL,2020-06-18 20:58:55,69.22,-51.1,33.8,64,90,5.82
1,Busselton,AU,2020-06-18 20:56:02,-33.65,115.33,39.0,98,49,3.18
2,Lichuan,CN,2020-06-18 21:00:07,30.3,108.85,64.06,98,100,2.37
3,Carnarvon,AU,2020-06-18 20:57:36,-24.87,113.63,57.2,76,0,10.29
4,Calabozo,VE,2020-06-18 21:00:07,8.92,-67.43,79.57,88,100,3.02
5,Puerto Ayora,EC,2020-06-18 20:57:43,-0.74,-90.35,84.2,51,67,14.99
6,Atuona,PF,2020-06-18 20:57:33,-9.8,-139.03,80.08,76,13,12.55
7,Lamont,US,2020-06-18 20:58:25,35.26,-118.91,96.01,27,0,5.99
8,Mataura,NZ,2020-06-18 21:00:08,-46.19,168.86,39.0,83,0,3.0
9,Kalabagh,PK,2020-06-18 21:00:08,32.97,71.56,96.96,10,0,8.25
10,Cape Town,ZA,2020-06-18 20:56:40,-33.93,18.42,68.0,58,0,9.17
11,Salta,AR,2020-06-18 20:58:18,-24.79,-65.41,69.8,28,0,11.41
12,Merauke,ID,2020-06-18 20:59:04,-8.47,140.33,78.37,78,70,16.71
13,Tepulco,MX,2020-06-18 21:00:09,19.12,-97.98,80.6,28,40,8.05
14,Rikitea,PF,2020-06-18 21:00:09,-23.12,-134.97,75.85,85,100,16.06
15,Imeni Poliny Osipenko,RU,2020-06-18 21:00:10,52.42,136.49,43.92,95,99,9.84
16,Iqaluit,CA,2020-06-18 21:00:10,63.75,-68.51,42.8,60,90,17.22
17,Samarai,PG,2020-06-18 20:57:50,-10.62,150.67,79.21,83,43,15.3
18,Bredasdorp,ZA,2020-06-18 20:57:33,-34.53,20.04,44.6,87,0,4.88
19,Muttupet,IN,2020-06-18 21:00:11,10.4,79.48,84.99,79,100,5.59
20,Punta Arenas,CL,2020-06-18 21:00:11,-53.15,-70.92,39.2,86,90,16.11
21,Nikolskoye,RU,2020-06-18 20:57:51,59.7,30.79,68.0,72,75,2.53
22,Hobart,AU,2020-06-18 20:57:16,-42.88,147.33,41.0,86,75,6.93
23,Ushuaia,AR,2020-06-18 21:00:12,-54.8,-68.3,35.6,69,26,4.7
24,Longyearbyen,SJ,2020-06-18 20:58:08,78.22,15.64,44.6,65,75,5.82
25,Talnakh,RU,2020-06-18 20:59:07,69.49,88.4,42.8,81,92,13.42
26,Galle,LK,2020-06-18 21:00:13,6.04,80.22,81.5,87,77,9.28
27,Taunggyi,MM,2020-06-18 21:00:13,20.78,97.03,62.8,100,100,5.08
28,Aginskoye,RU,2020-06-18 21:00:13,51.1,114.53,58.06,58,29,1.45
29,Tigil,RU,2020-06-18 20:58:38,57.8,158.67,52.16,87,98,3.78
30,Camana,PE,2020-06-18 21:00:13,-16.62,-72.71,63.66,78,100,3.4
31,Bluff,NZ,2020-06-18 20:57:25,-46.6,168.33,39.0,83,0,3.0
32,Treinta Y Tres,UY,2020-06-18 21:00:14,-33.23,-54.38,58.59,83,50,11.77
33,Vaini,TO,2020-06-18 21:00:14,-21.2,-175.2,73.4,73,20,11.41
34,Southwick,US,2020-06-18 21:00:14,42.05,-72.77,84.0,54,75,12.75
35,Kaitangata,NZ,2020-06-18 21:00:14,-46.28,169.85,42.78,81,20,10.85
36,Cap Malheureux,MU,2020-06-18 21:00:15,-19.98,57.61,70.0,76,98,5.99
37,Sao Paulo De Olivenca,BR,2020-06-18 21:00:15,-3.38,-68.87,83.84,76,71,1.83
38,Aklavik,CA,2020-06-18 20:58:06,68.22,-135.01,59.0,72,40,6.93
39,Albany,US,2020-06-18 21:00:14,42.6,-73.97,88.0,56,53,1.99
40,Firminopolis,BR,2020-06-18 21:00:15,-16.58,-50.3,70.97,64,10,3.09
41,Ponta Do Sol,PT,2020-06-18 20:57:15,32.67,-17.1,69.8,73,20,5.82
42,Flinders,AU,2020-06-18 21:00:16,-34.58,150.86,50.0,87,10,1.01
43,Yebaishou,CN,2020-06-18 21:00:16,41.4,119.64,66.25,59,6,1.23
44,Hermanus,ZA,2020-06-18 21:00:16,-34.42,19.23,52.0,78,0,1.01
45,Georgetown,MY,2020-06-18 20:57:23,5.41,100.34,82.4,88,20,5.82
46,Manta,EC,2020-06-18 20:57:40,-0.95,-80.73,82.4,69,75,12.75
47,Castro,BR,2020-06-18 20:57:12,-24.79,-50.01,59.72,90,100,4.61
48,Magnolia,US,2020-06-18 21:00:17,33.27,-93.24,93.0,48,1,7.05
49,Kirakira,SB,2020-06-18 20:58:27,-10.45,161.92,81.14,82,31,9.8
50,East London,ZA,2020-06-18 20:57:55,-33.02,27.91,63.72,65,0,15.52
51,Beringovskiy,RU,2020-06-18 20:57:12,63.05,179.32,50.43,53,0,1.66
52,Esna,EG,2020-06-18 21:00:18,25.29,32.55,86.0,30,0,8.05
53,Riyadh,SA,2020-06-18 20:54:50,24.69,46.72,91.4,13,78,5.82
54,Alofi,NU,2020-06-18 20:57:30,-19.06,-169.92,75.2,69,40,19.46
55,Montenegro,ME,2020-06-18 20:59:11,42.5,19.3,68.0,72,20,4.7
56,Haines Junction,CA,2020-06-18 21:00:19,60.75,-137.51,58.3,53,100,4.92
57,Bozoum,CF,2020-06-18 21:00:19,6.32,16.38,68.65,91,100,2.68
58,New Norfolk,AU,2020-06-18 20:57:03,-42.78,147.06,39.99,85,100,1.01
59,Arraial Do Cabo,BR,2020-06-18 20:57:40,-22.97,-42.03,73.4,73,7,16.11
60,Kidal,ML,2020-06-18 20:57:51,18.44,1.41,94.75,9,0,11.74
61,Quatre Cocos,MU,2020-06-18 21:00:20,-20.21,57.76,71.6,73,75,13.87
62,Hithadhoo,MV,2020-06-18 20:57:44,-0.6,73.08,84.49,75,88,8.93
63,Olinda,BR,2020-06-18 20:55:55,-8.01,-34.86,78.8,83,75,11.41
64,San Patricio,MX,2020-06-18 20:58:53,19.22,-104.7,86.0,74,5,11.41
65,Tuktoyaktuk,CA,2020-06-18 20:58:15,69.45,-133.04,44.6,87,75,9.17
66,Zhanaozen,KZ,2020-06-18 21:00:21,43.3,52.8,81.86,15,76,10.18
67,Bairiki,KI,2020-06-18 20:57:56,1.33,172.98,82.4,78,40,1.61
68,Chara,RU,2020-06-18 21:00:21,56.91,118.26,51.24,84,100,3.85
69,Hamilton,US,2020-06-18 20:55:30,39.18,-84.53,82.99,48,75,10.29
70,Goderich,CA,2020-06-18 21:00:22,43.75,-81.72,73.0,69,0,9.78
71,Kiskore,HU,2020-06-18 21:00:22,47.5,20.5,68.0,77,75,9.17
72,Namibe,AO,2020-06-18 20:57:56,-15.2,12.15,71.83,67,0,5.23
73,Saint George,US,2020-06-18 20:56:44,37.1,-113.58,88.0,12,1,8.05
74,Chuy,UY,2020-06-18 21:00:22,-33.7,-53.46,59.95,82,34,11.7
75,Mehamn,NO,2020-06-18 20:58:51,71.04,27.85,42.8,87,75,24.16
76,Biu,NG,2020-06-18 21:00:23,10.61,12.19,74.03,77,71,6.11
77,Jutai,BR,2020-06-18 21:00:23,-5.18,-68.9,81.5,88,97,1.21
78,Berkakit,RU,2020-06-18 21:00:23,56.58,124.77,52.27,78,86,7.18
79,Nemuro,JP,2020-06-18 20:58:03,43.32,145.57,54.12,94,96,6.67
80,Sabang,ID,2020-06-18 21:00:24,5.89,95.32,82.74,74,79,8.59
81,Pevek,RU,2020-06-18 20:57:22,69.7,170.31,40.95,71,9,9.31
82,Kapaa,US,2020-06-18 20:57:36,22.08,-159.32,79.0,94,90,18.34
83,Alice Town,BS,2020-06-18 20:58:10,25.72,-79.3,83.25,72,100,15.37
84,Kruisfontein,ZA,2020-06-18 20:57:30,-34.0,24.73,57.58,43,0,6.91
85,Hilo,US,2020-06-18 21:00:25,19.73,-155.09,82.4,65,75,9.17
86,Brezno,SK,2020-06-18 20:57:06,48.8,19.64,62.01,73,98,1.99
87,Luderitz,NA,2020-06-18 20:58:15,-26.65,15.16,73.4,23,0,9.17
88,Gat,IL,2020-06-18 21:00:26,31.61,34.76,75.0,79,6,5.73
89,Jamestown,US,2020-06-18 21:00:27,42.1,-79.24,79.0,54,40,10.29
90,Upernavik,GL,2020-06-18 20:57:17,72.79,-56.15,36.48,81,0,11.41
91,Port-Cartier,CA,2020-06-18 21:00:27,50.03,-66.87,98.6,23,75,18.34
92,Santiago De Cao,PE,2020-06-18 21:00:27,-7.96,-79.24,66.6,77,18,11.95
93,Torbay,CA,2020-06-18 20:56:35,47.67,-52.73,70.0,64,90,10.29
94,Bambous Virieux,MU,2020-06-18 20:55:04,-20.34,57.76,71.6,73,75,13.87
95,Lashio,MM,2020-06-18 21:00:28,22.93,97.75,69.78,100,100,1.41
96,Markova,UA,2020-06-18 21:00:28,48.68,24.41,58.19,89,81,1.97
97,Thompson,CA,2020-06-18 20:57:37,55.74,-97.86,37.4,100,90,13.87
98,Vostok,RU,2020-06-18 21:00:29,46.49,135.88,47.86,99,93,2.01
99,Mahebourg,MU,2020-06-18 20:57:37,-20.41,57.7,71.6,73,75,13.87
100,Narsaq,GL,2020-06-18 20:57:59,60.92,-46.05,44.6,71,40,11.41
101,Lavrentiya,RU,2020-06-18 20:58:42,65.58,-171.0,51.55,59,0,5.39
102,Camara De Lobos,PT,2020-06-18 21:00:29,32.63,-16.97,69.8,73,20,5.82
103,Cockburn Town,TC,2020-06-18 20:59:09,21.46,-71.14,86.0,66,40,13.87
104,Cascais,PT,2020-06-18 20:56:24,38.7,-9.42,64.99,77,20,28.86
105,Ribeira Grande,PT,2020-06-18 20:57:16,38.52,-28.7,64.4,88,75,5.82
106,Otradnoye,RU,2020-06-18 21:00:30,59.78,30.82,68.0,72,75,2.48
107,Sao Filipe,CV,2020-06-18 20:57:13,14.9,-24.5,80.85,61,0,12.39
108,Paamiut,GL,2020-06-18 20:57:27,61.99,-49.67,39.38,84,74,15.35
109,Avarua,CK,2020-06-18 20:57:24,-21.21,-159.78,75.2,64,74,9.17
110,Grand Gaube,MU,2020-06-18 20:57:51,-20.01,57.66,70.0,76,99,8.99
111,Kunming,CN,2020-06-18 21:00:32,25.04,102.72,64.0,100,90,4.47
112,Saskylakh,RU,2020-06-18 20:57:14,71.92,114.08,66.87,56,4,6.62
113,Burns Lake,CA,2020-06-18 20:59:30,54.23,-125.75,72.1,39,98,5.84
114,Atar,MR,2020-06-18 21:00:33,20.52,-13.05,99.46,16,0,10.25
115,Makakilo City,US,2020-06-18 21:00:33,21.35,-158.09,82.4,65,75,10.29
116,Claremore,US,2020-06-18 21:00:33,36.31,-95.62,91.0,22,1,12.75
117,Kushiro,JP,2020-06-18 21:00:34,42.98,144.37,57.54,91,67,4.41
118,Jumla,NP,2020-06-18 21:00:34,29.27,82.18,60.82,71,67,0.18
119,Springbok,ZA,2020-06-18 21:00:34,-29.66,17.89,55.99,38,0,8.14
120,Qaanaaq,GL,2020-06-18 20:57:23,77.48,-69.36,35.19,85,0,1.72
121,Yellowknife,CA,2020-06-18 20:57:23,62.46,-114.35,66.0,55,20,14.99
122,Aswan,EG,2020-06-18 21:00:35,24.09,32.91,85.01,17,18,14.54
123,Santiago Del Estero,AR,2020-06-18 21:00:35,-27.8,-64.26,68.79,37,9,6.35
124,Tasiilaq,GL,2020-06-18 20:57:26,65.61,-37.64,44.6,70,100,48.32
125,Coihaique,CL,2020-06-18 20:58:05,-45.58,-72.07,50.0,61,75,3.76
126,Namatanai,PG,2020-06-18 21:00:37,-3.67,152.43,80.62,80,2,5.84
127,Brodokalmak,RU,2020-06-18 21:00:38,55.57,62.08,42.8,70,1,6.71
128,Zaragoza,ES,2020-06-18 21:00:38,41.66,-0.88,73.99,49,75,9.17
129,Snyder,US,2020-06-18 21:00:39,32.72,-100.92,93.2,34,1,6.93
130,Karpathos,GR,2020-06-18 20:58:23,35.51,27.21,71.6,83,0,24.16
131,Pardi,IN,2020-06-18 21:00:39,20.52,72.95,82.53,80,86,9.53
132,Kultuk,RU,2020-06-18 21:00:39,51.72,103.7,48.36,77,99,3.09
133,Khatanga,RU,2020-06-18 20:57:28,71.97,102.5,52.2,57,55,12.88
134,Limon,CR,2020-06-18 21:00:40,10.0,-83.03,86.0,70,100,4.7
135,Suez,EG,2020-06-18 21:00:40,29.97,32.53,72.81,71,0,9.28
136,Saint-Pierre,RE,2020-06-18 20:58:31,-21.34,55.48,69.8,68,75,12.75
137,Tuatapere,NZ,2020-06-18 20:57:58,-46.13,167.68,39.0,83,19,3.0
138,Petropavlovsk-Kamchatskiy,RU,2020-06-18 21:00:40,53.05,158.65,42.8,100,90,4.47
139,Port Alfred,ZA,2020-06-18 20:57:35,-33.59,26.89,55.99,80,0,4.0
140,Pahrump,US,2020-06-18 20:56:20,36.21,-115.98,93.99,7,0,5.01
141,Takoradi,GH,2020-06-18 21:00:43,4.88,-1.76,77.34,86,100,7.9
142,Yakeshi,CN,2020-06-18 21:00:43,49.28,120.73,54.14,91,93,3.36
143,Plouzane,FR,2020-06-18 21:00:44,48.38,-4.62,57.2,93,90,8.05
144,Biak,ID,2020-06-18 21:00:45,-0.91,122.88,77.14,82,100,7.25
145,Itoman,JP,2020-06-18 21:00:47,26.12,127.67,82.4,94,75,17.22
146,Almeirim,BR,2020-06-18 21:00:47,-1.52,-52.58,80.71,80,80,1.54
147,Leningradskiy,RU,2020-06-18 20:58:16,69.38,178.42,44.64,60,73,5.95
148,Labuhan,ID,2020-06-18 20:57:48,-6.88,112.21,77.34,88,2,7.43
149,Nanortalik,GL,2020-06-18 21:00:48,60.14,-45.24,40.05,80,95,6.35
150,Palmer,US,2020-06-18 21:00:49,42.16,-72.33,84.0,60,36,5.01
151,Ranau,MY,2020-06-18 21:00:49,5.95,116.66,75.2,100,20,4.7
152,Poli,TZ,2020-06-18 21:00:49,-3.33,36.8,69.8,87,40,6.93
153,Kodiak,US,2020-06-18 20:57:17,57.79,-152.41,51.8,81,90,9.17
154,Mar Del Plata,AR,2020-06-18 20:57:46,-38.0,-57.56,57.2,76,75,11.41
155,Shingu,JP,2020-06-18 21:00:50,33.73,135.98,67.46,97,100,3.0
156,Puerto Princesa,PH,2020-06-18 21:00:50,9.74,118.74,81.21,76,92,1.74
157,Muli,MV,2020-06-18 21:00:50,2.92,73.57,84.34,70,79,2.71
158,Norman Wells,CA,2020-06-18 20:57:35,65.28,-126.83,77.0,36,75,12.75
159,Nouadhibou,MR,2020-06-18 20:55:05,20.93,-17.03,71.6,78,0,19.46
160,Hammerfest,NO,2020-06-18 20:58:05,70.66,23.68,41.0,93,75,28.86
161,Bolshoye Nagatkino,RU,2020-06-18 21:00:51,54.52,47.97,57.2,71,0,4.47
162,Seddon,AU,2020-06-18 21:00:51,-37.81,144.89,57.0,76,61,14.99
163,Le Port,RE,2020-06-18 21:00:51,-20.94,55.29,71.6,64,90,24.16
164,Providencia,MX,2020-06-18 21:00:52,28.72,-111.58,99.0,16,0,10.0
165,Tymovskoye,RU,2020-06-18 21:00:52,50.85,142.66,45.84,93,100,2.21
166,Goryachegorsk,RU,2020-06-18 21:00:54,55.41,88.92,55.51,93,85,11.01
167,Sambava,MG,2020-06-18 21:00:54,-14.27,50.17,71.69,86,100,18.32
168,Makungu,TZ,2020-06-18 21:00:54,-8.73,35.28,56.95,80,41,3.49
169,Pisco,PE,2020-06-18 20:58:22,-13.7,-76.22,66.2,77,75,12.75
170,Brumado,BR,2020-06-18 20:56:52,-14.2,-41.67,71.29,69,72,6.11
171,Aksarka,RU,2020-06-18 20:58:13,66.56,67.8,38.71,76,68,4.34
172,Saint-Georges,GD,2020-06-18 21:00:23,12.06,-61.75,84.2,79,40,16.11
173,Baoqing,CN,2020-06-18 21:00:56,46.33,132.21,50.77,92,5,5.19
174,Bengkulu,ID,2020-06-18 20:57:13,-3.8,102.27,75.72,88,98,4.54
175,Kupang,ID,2020-06-18 20:57:30,-10.17,123.58,75.94,84,99,12.3
176,Meulaboh,ID,2020-06-18 21:00:56,4.14,96.13,77.13,85,51,5.1
177,Baruun-Urt,MN,2020-06-18 21:00:57,46.68,113.28,65.12,59,76,12.17
178,Kushima,JP,2020-06-18 21:00:57,31.46,131.23,75.0,100,100,11.01
179,Rodrigues Alves,BR,2020-06-18 21:00:57,-7.74,-72.65,89.6,59,40,3.36
180,Henties Bay,NA,2020-06-18 21:00:57,-22.12,14.28,73.0,47,0,6.67
181,Coquimbo,CL,2020-06-18 21:00:57,-29.95,-71.34,60.8,67,100,5.82
182,Husavik,IS,2020-06-18 20:57:05,66.04,-17.34,57.2,54,67,5.82
183,Phan Thiet,VN,2020-06-18 21:00:58,10.93,108.1,79.41,85,100,4.14
184,Havoysund,NO,2020-06-18 21:00:58,71.0,24.66,42.8,87,75,17.22
185,Opuwo,NA,2020-06-18 21:00:58,-18.06,13.84,57.81,44,0,7.85
186,Egvekinot,RU,2020-06-18 21:00:59,66.32,-179.17,58.8,35,100,0.92
187,Sao Joao Da Barra,BR,2020-06-18 20:58:03,-21.64,-41.05,75.2,69,29,13.87
188,Ubala,CO,2020-06-18 21:01:00,4.75,-72.54,79.21,84,98,6.42
189,Saint-Philippe,RE,2020-06-18 20:57:31,-21.36,55.77,71.6,68,75,12.75
190,Coos Bay,US,2020-06-18 20:58:21,43.37,-124.22,82.0,72,1,23.04
191,Alenquer,BR,2020-06-18 21:01:01,-1.94,-54.74,84.06,72,37,3.49
192,Ndele,CF,2020-06-18 21:01:01,8.41,20.65,71.22,91,100,3.89
193,Bangalore,IN,2020-06-18 20:56:45,12.98,77.6,71.6,100,40,11.41
194,Vestmanna,FO,2020-06-18 21:01:02,62.16,-7.17,50.0,93,97,5.82
195,Bilibino,RU,2020-06-18 20:57:13,68.05,166.44,71.64,33,2,4.83
196,Shimoda,JP,2020-06-18 21:01:02,34.67,138.95,59.0,95,100,1.99
197,Lata,PT,2020-06-18 20:59:13,40.16,-8.33,63.0,80,0,3.53
198,Ambon,ID,2020-06-18 21:01:03,-3.7,128.18,80.01,94,75,8.05
199,General Roca,AR,2020-06-18 20:58:35,-39.03,-67.58,55.4,58,100,2.24
200,Klaksvik,FO,2020-06-18 20:57:49,62.23,-6.59,50.0,93,100,5.82
201,Kieta,PG,2020-06-18 20:58:46,-6.22,155.63,80.47,78,0,2.48
202,Bahia Blanca,AR,2020-06-18 21:01:04,-38.72,-62.27,54.54,52,49,8.68
203,Abu Dhabi,AE,2020-06-18 21:01:04,24.47,54.37,89.01,74,0,6.93
204,Madarounfa,NE,2020-06-18 21:01:04,13.31,7.16,76.15,80,89,6.2
205,Nisia Floresta,BR,2020-06-18 20:56:55,-6.09,-35.21,75.2,94,75,9.17
206,Souillac,MU,2020-06-18 20:57:53,-20.52,57.52,71.6,73,75,13.87
207,Poum,NC,2020-06-18 21:01:05,-20.23,164.02,74.12,76,99,12.91
208,Bentiu,SS,2020-06-18 21:01:05,9.23,29.83,73.13,90,100,0.81
209,Clyde River,CA,2020-06-18 20:58:07,70.47,-68.59,33.8,86,90,9.17
210,Butaritari,KI,2020-06-18 20:57:21,3.07,172.79,83.21,60,99,0.72
211,Ancud,CL,2020-06-18 20:57:49,-41.87,-73.82,50.0,87,75,9.17
212,Pyapon,MM,2020-06-18 21:01:05,16.28,95.68,78.66,88,100,2.75
213,Simao,CN,2020-06-18 21:01:06,22.79,100.97,66.07,96,100,2.3
214,Lompoc,US,2020-06-18 20:57:54,34.64,-120.46,69.8,64,0,12.75
215,Dormidontovka,RU,2020-06-18 21:01:06,47.77,134.91,49.14,92,98,8.57
216,Dikson,RU,2020-06-18 21:01:07,73.51,80.55,32.95,97,87,16.93
217,Makokou,GA,2020-06-18 21:01:07,0.57,12.86,70.34,94,39,0.45
218,Miri,MY,2020-06-18 21:01:07,4.41,114.01,78.8,94,75,3.36
219,Nador,MA,2020-06-18 21:00:37,35.17,-2.93,73.4,60,2,11.41
220,Burnie,AU,2020-06-18 21:01:07,-41.07,145.92,50.0,89,100,1.99
221,Salalah,OM,2020-06-18 20:57:54,17.02,54.09,82.4,94,20,3.36
222,Colares,PT,2020-06-18 21:01:08,38.8,-9.45,64.0,77,20,28.86
223,Mecca,SA,2020-06-18 20:58:33,21.43,39.83,88.75,29,98,4.99
224,Caravelas,BR,2020-06-18 20:57:26,-17.71,-39.25,71.96,91,7,7.85
225,Vao,NC,2020-06-18 21:01:09,-22.67,167.48,71.85,78,86,14.27
226,Bilma,NE,2020-06-18 21:01:09,18.69,12.92,89.87,17,0,4.65
227,Bushehr,IR,2020-06-18 21:00:14,28.97,50.84,84.2,51,0,6.93
228,Cajamarca,PE,2020-06-18 21:01:09,-7.16,-78.5,69.8,43,75,9.17
229,Port Elizabeth,ZA,2020-06-18 21:01:09,-33.92,25.57,53.6,81,0,1.12
230,Ruteng,ID,2020-06-18 21:01:10,-8.61,120.47,61.32,100,38,3.4
231,Yangambi,CD,2020-06-18 21:01:10,0.81,24.43,72.07,62,53,1.25
232,Yumen,CN,2020-06-18 20:58:41,40.28,97.2,67.5,24,12,0.72
233,Komsomolskiy,UZ,2020-06-18 21:01:10,40.43,71.72,70.12,40,32,3.2
234,Muros,ES,2020-06-18 20:58:16,42.78,-9.06,63.0,69,0,5.01
235,Bonthe,SL,2020-06-18 21:01:11,7.53,-12.51,78.67,88,100,10.56
236,Kristiansund,NO,2020-06-18 21:01:11,63.11,7.73,60.8,63,24,11.41
237,Padang,ID,2020-06-18 21:01:11,-0.95,100.35,77.94,77,98,3.67
238,Mayo,US,2020-06-18 20:57:28,38.89,-76.51,81.0,65,1,11.41
239,Bathsheba,BB,2020-06-18 20:57:26,13.22,-59.52,86.0,74,40,19.46
240,Neuruppin,DE,2020-06-18 21:01:12,52.93,12.8,66.0,80,85,3.96
241,Dabat,ET,2020-06-18 21:01:12,12.98,37.77,55.81,84,100,3.47
242,Isangel,VU,2020-06-18 20:58:00,-19.55,169.27,68.0,94,75,13.33
243,Mana,GF,2020-06-18 21:01:12,5.66,-53.78,77.36,91,93,10.98
244,Asfi,MA,2020-06-18 20:55:00,32.3,-9.24,67.95,78,0,19.86
245,Mount Gambier,AU,2020-06-18 21:01:13,-37.83,140.77,51.8,71,54,17.22
246,Soyo,AO,2020-06-18 21:01:13,-6.13,12.37,73.69,89,66,7.09
247,Cherskiy,RU,2020-06-18 20:58:36,68.75,161.3,71.85,33,0,7.99
248,Banda Aceh,ID,2020-06-18 21:01:13,5.56,95.32,79.9,75,58,6.4
249,Alice Springs,AU,2020-06-18 20:56:58,-23.7,133.88,52.0,52,0,4.7
250,Sungairaya,ID,2020-06-18 21:01:14,0.7,108.9,78.84,85,100,4.9
251,Severo-Kurilsk,RU,2020-06-18 21:01:14,50.68,156.12,42.67,85,82,7.65
252,Chulman,RU,2020-06-18 21:01:14,56.85,124.91,54.52,80,98,5.39
253,Bosaso,SO,2020-06-18 20:59:08,11.28,49.18,93.88,39,51,18.16
254,Rio Gallegos,AR,2020-06-18 21:00:54,-51.62,-69.22,39.2,93,75,3.36
255,Jacksonville,US,2020-06-18 20:56:24,30.33,-81.66,89.6,43,75,5.82
256,Codrington,AU,2020-06-18 20:57:51,-38.27,141.97,51.66,73,88,17.05
257,Agapovka,RU,2020-06-18 21:01:15,53.3,59.13,48.2,70,20,8.95
258,Belz,FR,2020-06-18 21:01:15,47.68,-3.17,61.0,83,11,1.01
259,Talcahuano,CL,2020-06-18 20:59:10,-36.72,-73.12,55.4,93,90,16.11
260,Laurentides,CA,2020-06-18 21:01:16,46.43,-74.98,87.15,34,0,6.93
261,Whitehorse,CA,2020-06-18 21:01:16,60.72,-135.05,59.0,51,90,13.87
262,Rudbar,AF,2020-06-18 21:01:16,30.15,62.6,86.0,14,0,12.37
263,Kwekwe,ZW,2020-06-18 21:01:16,-18.93,29.81,50.23,87,38,9.93
264,Okhotsk,RU,2020-06-18 20:58:59,59.38,143.3,46.45,90,90,2.62
265,Rawson,AR,2020-06-18 20:57:12,-43.3,-65.1,57.79,45,94,19.17
266,Zhezkazgan,KZ,2020-06-18 21:01:17,47.8,67.71,64.6,69,68,16.44
267,Ryotsu,JP,2020-06-18 21:01:18,38.08,138.43,66.2,88,100,4.7
268,Do Gonbadan,IR,2020-06-18 21:01:18,30.36,50.8,87.8,15,0,1.01
269,Grindavik,IS,2020-06-18 21:01:18,63.84,-22.43,50.0,81,75,23.04
270,Oyama,JP,2020-06-18 21:01:18,36.3,139.8,71.01,93,90,1.12
271,Tecoanapa,MX,2020-06-18 20:58:23,16.52,-98.75,88.18,61,47,13.27
272,Kanigoro,ID,2020-06-18 21:01:19,-8.13,112.22,73.53,89,11,6.76
273,Vanavara,RU,2020-06-18 21:01:19,60.34,102.28,49.57,77,0,2.68
274,Fortuna,US,2020-06-18 21:01:19,40.6,-124.16,73.99,72,1,11.41
275,Sao Desiderio,BR,2020-06-18 21:01:19,-12.36,-44.97,74.41,56,58,5.41
276,Te Anau,NZ,2020-06-18 20:56:06,-45.42,167.72,31.21,96,17,0.89
277,North Platte,US,2020-06-18 20:54:14,41.12,-100.77,75.2,38,1,10.29
278,Provideniya,RU,2020-06-18 20:57:22,64.38,-173.3,59.0,62,2,4.47
279,Hasaki,JP,2020-06-18 20:57:47,35.73,140.83,64.0,100,75,6.93
280,Zhigansk,RU,2020-06-18 21:01:20,66.77,123.37,64.15,63,22,6.26
281,Marystown,CA,2020-06-18 21:01:21,47.17,-55.15,59.29,75,98,17.29
282,Kysyl-Syr,RU,2020-06-18 21:01:21,63.9,122.76,62.29,81,51,2.8
283,Udankudi,IN,2020-06-18 21:01:21,8.43,78.02,84.4,65,95,12.66
284,Morros,BR,2020-06-18 21:01:21,-9.45,-46.3,76.59,58,1,7.34
285,Yuncheng,CN,2020-06-18 21:01:21,35.02,110.99,70.75,72,81,7.05
286,Cidreira,BR,2020-06-18 21:01:22,-30.18,-50.21,69.89,83,93,8.05
287,Mount Isa,AU,2020-06-18 20:57:36,-20.73,139.5,60.8,82,0,12.24
288,Cubuk,TR,2020-06-18 21:01:22,40.24,33.03,62.01,77,40,3.67
289,Sokolow Podlaski,PL,2020-06-18 21:01:22,52.41,22.25,66.99,76,73,7.49
290,Port Lincoln,AU,2020-06-18 20:58:31,-34.73,135.87,57.45,80,60,17.67
291,Lagoa,PT,2020-06-18 20:57:44,39.05,-27.98,64.81,89,0,11.32
292,Boralday,KZ,2020-06-18 21:01:23,43.36,76.86,66.2,37,75,6.71
293,Winslow,US,2020-06-18 21:01:23,35.02,-110.7,87.8,11,1,3.36
294,Bardiyah,LY,2020-06-18 21:01:23,31.76,25.09,71.33,75,0,17.18
295,Bethel,US,2020-06-18 20:57:31,41.37,-73.41,77.0,69,90,6.93
296,Lufilufi,WS,2020-06-18 21:01:23,-13.87,-171.6,75.0,94,96,4.0
297,San-Pedro,CI,2020-06-18 21:01:05,4.75,-6.64,76.46,89,100,9.95
298,Denpasar,ID,2020-06-18 21:01:24,-8.65,115.22,80.6,94,20,16.11
299,Danilov,RU,2020-06-18 21:01:24,58.19,40.17,62.6,93,0,2.24
300,Victoria,HK,2020-06-18 20:55:24,22.29,114.16,84.0,74,59,4.0
301,Marawi,PH,2020-06-18 21:01:25,8.0,124.29,73.0,95,94,5.01
302,Gornyy,RU,2020-06-18 21:01:25,55.12,83.91,53.31,99,80,9.42
303,Bandarbeyla,SO,2020-06-18 20:58:18,9.49,50.81,80.2,73,94,31.36
304,Srednekolymsk,RU,2020-06-18 21:01:25,67.45,153.68,82.18,22,17,2.75
305,Karratha,AU,2020-06-18 20:57:03,-20.74,116.85,69.21,55,0,4.85
306,Ransang,PH,2020-06-18 21:01:26,8.96,117.58,79.66,78,95,2.89
307,Vilhena,BR,2020-06-18 20:58:32,-12.74,-60.15,84.2,51,40,9.17
308,Kolomak,UA,2020-06-18 21:01:26,49.84,35.3,64.85,85,100,11.5
309,Moose Factory,CA,2020-06-18 20:58:45,51.26,-80.61,91.4,33,1,18.34
310,Roblin,CA,2020-06-18 21:01:26,51.23,-101.36,45.52,90,100,9.62
311,Luwuk,ID,2020-06-18 21:01:27,-0.95,122.79,77.56,78,99,5.59
312,Airai,TL,2020-06-18 21:01:27,-8.93,125.41,58.73,100,73,4.52
313,Seoul,KR,2020-06-18 20:53:37,37.57,126.98,69.8,77,90,5.82
314,Talca,CL,2020-06-18 21:01:27,-35.43,-71.67,54.0,71,100,5.82
315,Prince Rupert,CA,2020-06-18 21:01:27,54.32,-130.32,57.2,93,90,12.75
316,Vitim,RU,2020-06-18 21:01:28,59.45,112.56,50.36,90,76,3.96
317,Hot Springs,US,2020-06-18 21:00:14,34.5,-93.06,91.0,43,20,5.82
318,Sitka,US,2020-06-18 20:58:02,57.05,-135.33,53.6,93,90,5.82
319,Portland,US,2020-06-18 20:57:36,45.52,-122.68,78.01,49,75,4.7
320,Batemans Bay,AU,2020-06-18 21:01:29,-35.72,150.18,43.0,93,11,1.01
321,Lorengau,PG,2020-06-18 20:57:45,-2.02,147.27,82.6,77,34,8.1
322,Fairbanks,US,2020-06-18 20:58:16,64.84,-147.72,73.0,35,1,3.49
323,Aloleng,PH,2020-06-18 21:01:29,16.13,119.78,81.9,79,16,3.67
324,Barrow,US,2020-06-18 21:01:29,71.29,-156.79,46.4,70,1,8.05
325,Shakawe,BW,2020-06-18 21:01:30,-18.37,21.85,53.35,47,0,7.61
326,Marsa Matruh,EG,2020-06-18 20:58:58,31.35,27.25,71.6,78,0,10.29
327,Yerbogachen,RU,2020-06-18 20:57:24,61.28,108.01,55.42,62,93,1.63
328,Mahibadhoo,MV,2020-06-18 21:01:31,3.78,72.97,84.15,74,68,5.19
329,Odesskoye,RU,2020-06-18 21:01:31,54.21,72.97,44.73,83,0,8.32
330,Sao Miguel Do Araguaia,BR,2020-06-18 21:00:31,-13.28,-50.16,76.93,58,4,4.16
331,Tibiri,NE,2020-06-18 21:01:31,13.56,7.05,77.36,79,76,22.06
332,Lebu,CL,2020-06-18 20:56:42,-37.62,-73.65,54.45,90,100,15.39
333,Nome,US,2020-06-18 20:54:19,64.5,-165.41,63.0,76,40,14.99
334,Zaysan,KZ,2020-06-18 21:01:32,47.47,84.87,57.6,50,1,6.82
335,Puro,PH,2020-06-18 21:01:32,12.48,123.38,79.65,85,76,11.32
336,The Valley,AI,2020-06-18 20:58:44,18.22,-63.06,87.8,66,40,16.11
337,Los Llanos De Aridane,ES,2020-06-18 20:57:15,28.66,-17.92,71.6,78,9,14.99
338,Qorveh,IR,2020-06-18 21:01:33,35.17,47.8,59.52,31,0,2.48
339,Uthal,PK,2020-06-18 21:01:33,25.81,66.62,82.44,84,9,7.49
340,Margate,GB,2020-06-18 20:58:45,51.38,1.39,60.01,82,42,1.99
341,Troitsko-Pechorsk,RU,2020-06-18 21:01:33,62.71,56.2,38.7,74,23,1.57
342,Tual,ID,2020-06-18 21:01:34,-5.67,132.75,80.92,83,84,22.84
343,Asau,RO,2020-06-18 20:59:06,46.43,26.4,62.01,94,32,3.91
344,Altay,CN,2020-06-18 21:01:34,47.87,88.12,54.91,52,46,4.83
345,Ahipara,NZ,2020-06-18 21:01:34,-35.17,173.17,52.81,76,22,9.44
346,Coruripe,BR,2020-06-18 21:01:34,-10.13,-36.18,75.7,80,3,12.19
347,Pangnirtung,CA,2020-06-18 20:57:42,66.15,-65.71,37.4,86,90,16.11
348,Cortez,US,2020-06-18 20:58:35,37.35,-108.59,80.6,15,1,3.36
349,Luena,AO,2020-06-18 21:01:35,-11.78,19.92,52.79,61,0,4.65
350,Lourdes,FR,2020-06-18 21:00:49,43.1,-0.05,60.8,82,90,2.24
351,Iracoubo,GF,2020-06-18 21:01:35,5.48,-53.2,77.99,87,98,9.19
352,Kavaratti,IN,2020-06-18 20:57:30,10.57,72.64,84.34,80,98,16.62
353,Itatinga,BR,2020-06-18 21:01:36,-23.1,-48.62,61.21,86,65,4.36
354,Caceres,ES,2020-06-18 21:01:36,39.52,-6.37,72.0,50,0,5.01
355,Torres,BR,2020-06-18 21:01:36,-29.34,-49.73,71.53,75,73,4.92
356,Kabo,CF,2020-06-18 21:01:36,7.7,18.63,75.24,75,83,0.16
357,Phangnga,TH,2020-06-18 21:01:37,8.45,98.53,77.0,100,75,4.7
358,Buchanan,LR,2020-06-18 21:01:37,5.88,-10.05,77.63,84,100,11.54
359,Mitsamiouli,KM,2020-06-18 21:01:37,-11.38,43.28,77.58,58,0,11.1
360,Sladkovo,RU,2020-06-18 21:01:37,55.53,70.34,40.57,90,0,9.22
361,Saint-Francois,FR,2020-06-18 21:01:37,46.42,3.91,57.2,71,57,2.24
362,Kattivakkam,IN,2020-06-18 21:01:38,13.22,80.32,87.8,74,40,5.82
363,Geraldton,AU,2020-06-18 21:01:38,-28.77,114.6,50.0,87,0,4.7
364,Shache,CN,2020-06-18 21:01:38,38.42,77.24,70.14,31,3,8.55
365,Jalu,LY,2020-06-18 20:57:58,29.03,21.55,81.7,23,0,10.36
366,Campana,AR,2020-06-18 21:01:40,-34.17,-58.96,64.0,24,93,4.0
367,Tiksi,RU,2020-06-18 20:57:16,71.69,128.87,52.18,74,100,4.45
368,Pithora,IN,2020-06-18 21:01:40,21.27,82.52,82.02,70,100,11.63
369,Viedma,AR,2020-06-18 20:59:07,-40.81,-63.0,56.21,41,99,14.61
370,Naze,JP,2020-06-18 20:58:19,28.37,129.48,78.8,100,100,11.41
371,Kyshtovka,RU,2020-06-18 21:01:41,56.55,76.63,42.58,83,77,9.42
372,Roxas,PH,2020-06-18 21:01:41,11.59,122.75,77.5,88,100,11.52
373,Katsuura,JP,2020-06-18 20:58:37,35.13,140.3,66.0,93,75,4.7
374,Katherine,AU,2020-06-18 21:01:42,-14.47,132.27,60.8,82,1,5.82
375,Lamu,KE,2020-06-18 21:01:42,-2.27,40.9,77.49,83,41,18.59
376,Karaton,ID,2020-06-18 21:01:42,-6.34,106.1,78.8,83,20,3.36
377,Laguna,US,2020-06-18 20:55:38,38.42,-121.42,93.99,11,1,8.05
378,Pemangkat,ID,2020-06-18 20:57:32,1.17,108.97,79.84,82,100,7.54
379,Puerto Escondido,MX,2020-06-18 20:58:20,15.85,-97.07,89.6,70,90,11.41
380,Selma,US,2020-06-18 21:01:43,36.57,-119.61,91.4,24,0,6.96
381,Chokurdakh,RU,2020-06-18 20:57:42,70.63,147.92,78.57,35,65,4.0
382,Lasa,IT,2020-06-18 20:57:35,46.62,10.7,50.0,87,40,6.93
383,Maniitsoq,GL,2020-06-18 21:01:44,65.42,-52.9,40.42,81,0,16.58
384,Jacareacanga,BR,2020-06-18 21:01:45,-6.22,-57.75,85.48,62,69,1.77
385,Ust-Nera,RU,2020-06-18 20:58:10,64.57,143.2,74.1,30,86,2.26
386,Taoudenni,ML,2020-06-18 20:55:38,22.68,-3.98,103.75,10,4,10.96
387,Tashir,AM,2020-06-18 21:01:45,41.12,44.28,57.2,71,40,23.04
388,Cururupu,BR,2020-06-18 21:01:47,-1.83,-44.87,75.96,94,58,4.45
389,Lugovskoy,RU,2020-06-18 21:01:51,56.96,64.53,44.6,75,24,6.71
390,Russell,US,2020-06-18 21:01:51,32.35,-85.2,84.99,45,90,4.05
391,Cedar City,US,2020-06-18 21:00:18,37.68,-113.06,71.6,17,1,8.05
392,Sola,VU,2020-06-18 20:57:44,-13.88,167.55,79.66,76,46,19.06
393,Astana,KZ,2020-06-18 21:00:46,51.18,71.45,53.6,58,100,11.18
394,Chicama,PE,2020-06-18 20:59:04,-7.84,-79.15,70.86,64,11,9.13
395,Hambantota,LK,2020-06-18 20:58:39,6.12,81.12,81.34,83,75,16.51
396,Dashitou,CN,2020-06-18 21:01:54,43.31,128.51,52.14,95,37,2.84
397,Sisimiut,GL,2020-06-18 21:01:54,66.94,-53.67,42.42,66,46,12.97
398,Najran,SA,2020-06-18 21:01:54,17.49,44.13,87.8,14,40,1.9
399,Chapais,CA,2020-06-18 21:01:55,49.78,-74.85,91.4,21,1,21.92
400,Tehachapi,US,2020-06-18 20:58:08,35.13,-118.45,84.0,19,1,13.87
401,Torit,SS,2020-06-18 21:01:55,4.41,32.57,71.26,84,90,1.59
402,Yellandu,IN,2020-06-18 21:01:55,17.6,80.33,77.79,87,100,6.02
403,Ambositra,MG,2020-06-18 21:01:56,-20.52,47.25,47.17,95,75,3.2
404,Safaga,EG,2020-06-18 21:01:56,26.73,33.94,89.6,24,0,24.16
405,Sioux Lookout,CA,2020-06-18 21:01:57,50.1,-91.92,69.8,94,90,4.7
406,Northam,GB,2020-06-18 21:01:57,51.03,-4.22,57.0,100,100,8.01
407,Sibolga,ID,2020-06-18 20:57:21,1.74,98.78,76.06,75,57,3.76
408,Oranjemund,NA,2020-06-18 20:57:30,-28.55,16.43,69.37,27,0,8.39
409,Chyhyryn,UA,2020-06-18 21:01:58,49.08,32.66,65.35,78,82,8.34
410,Castelnaudary,FR,2020-06-18 21:01:58,43.32,1.95,60.8,72,4,2.24
411,Turukhansk,RU,2020-06-18 20:59:11,65.82,87.98,44.47,83,55,13.06
412,Tineo,ES,2020-06-18 21:02:00,43.34,-6.41,59.0,87,90,3.36
413,Tabas,IR,2020-06-18 20:59:13,33.6,56.92,95.0,11,0,4.7
414,Mehriz,IR,2020-06-18 21:02:01,31.59,54.43,93.2,9,23,11.41
415,Faanui,PF,2020-06-18 20:57:52,-16.48,-151.75,79.9,78,100,2.19
416,Chumikan,RU,2020-06-18 21:02:02,54.72,135.31,39.61,93,100,5.46
417,Timra,SE,2020-06-18 21:02:02,62.49,17.33,64.99,93,0,1.12
418,Guerrero Negro,MX,2020-06-18 21:02:02,27.98,-114.06,73.0,50,1,16.51
419,Marsala,IT,2020-06-18 21:02:03,37.8,12.44,75.99,64,60,2.24
420,Waingapu,ID,2020-06-18 21:02:03,-9.66,120.26,75.29,84,3,11.56
421,Moron,AR,2020-06-18 21:02:03,-34.65,-58.62,63.0,70,60,1.01
422,Sadovyy,RU,2020-06-18 21:02:03,53.3,34.33,65.46,91,60,4.79
423,Manbij,SY,2020-06-18 21:02:04,36.53,37.95,66.2,68,0,9.17
424,San Martin,AR,2020-06-18 21:00:29,-33.08,-68.47,60.6,31,20,10.54
425,Keita,NE,2020-06-18 21:02:04,14.76,5.77,91.4,43,68,11.41
426,Semey,KZ,2020-06-18 21:01:41,50.41,80.23,62.82,75,89,8.01
427,Santa Rosalia,MX,2020-06-18 21:02:05,27.32,-112.28,87.89,34,0,7.45
428,Kitgum,UG,2020-06-18 21:02:05,3.28,32.89,65.93,89,97,2.13
429,Nelson Bay,AU,2020-06-18 20:57:48,-32.72,152.15,48.99,100,90,6.93
430,Castleisland,IE,2020-06-18 21:02:05,52.23,-9.47,55.4,76,40,13.87
431,Bocaiuva,BR,2020-06-18 21:02:06,-17.11,-43.81,78.8,34,0,8.05
432,Kailua,US,2020-06-18 21:02:06,21.4,-157.74,82.4,61,90,16.11
433,Kangaatsiaq,GL,2020-06-18 21:02:06,68.31,-53.46,36.9,87,14,12.73
434,Dunedin,NZ,2020-06-18 20:55:11,-45.87,170.5,44.01,76,63,11.01
435,Robore,BO,2020-06-18 21:02:06,-18.33,-59.75,82.8,53,55,7.76
436,Vardo,NO,2020-06-18 20:58:56,70.37,31.11,48.2,87,40,1.12
437,Poya,NC,2020-06-18 20:58:51,-21.35,165.15,70.93,79,99,5.06
438,Nago,JP,2020-06-18 21:02:07,26.59,127.98,82.4,88,40,17.22
439,Cabo San Lucas,MX,2020-06-18 20:58:08,22.89,-109.91,91.99,33,20,6.93
440,Champerico,GT,2020-06-18 21:02:08,14.3,-91.92,89.6,66,40,9.17
441,San Rafael,AR,2020-06-18 21:02:09,-34.62,-68.33,59.0,34,6,12.12
442,Vila Velha,BR,2020-06-18 20:54:25,-20.33,-40.29,73.4,78,2,4.7
443,Awjilah,LY,2020-06-18 21:02:09,29.11,21.29,81.19,23,0,10.04
444,Constantine,DZ,2020-06-18 21:01:06,36.37,6.61,73.4,56,40,10.29
445,Port Macquarie,AU,2020-06-18 20:58:32,-31.43,152.92,53.01,98,71,2.17
446,Mumford,GH,2020-06-18 20:58:24,5.26,-0.76,75.04,90,100,4.72
447,Sao Felix Do Xingu,BR,2020-06-18 20:58:26,-6.64,-51.99,78.35,67,59,4.32
448,Puerto Asis,CO,2020-06-18 20:59:17,0.51,-76.5,87.8,66,40,5.82
449,Baturaja,ID,2020-06-18 21:02:11,-4.13,104.17,72.97,92,100,2.55
450,Necochea,AR,2020-06-18 20:57:24,-38.55,-58.74,50.0,93,1,8.66
451,Basco,PH,2020-06-18 21:02:13,20.45,121.97,84.63,82,12,16.8
452,Clearwater,US,2020-06-18 21:00:01,27.97,-82.8,91.0,58,1,10.29
453,Gigmoto,PH,2020-06-18 21:02:13,13.78,124.39,80.06,83,5,8.59
454,Vila Franca Do Campo,PT,2020-06-18 20:57:38,37.72,-25.43,64.4,77,75,8.05
455,Pandaria,IN,2020-06-18 21:02:14,22.23,81.42,81.07,65,99,3.74
456,Roald,NO,2020-06-18 20:57:56,62.58,6.13,66.0,72,0,17.22
457,Ballina,AU,2020-06-18 20:57:40,-28.87,153.57,55.4,100,75,5.82
458,Keuruu,FI,2020-06-18 21:02:17,62.27,24.7,63.0,67,1,4.7
459,Buritizeiro,BR,2020-06-18 21:02:17,-17.35,-44.96,69.58,57,1,4.07
460,Ornskoldsvik,SE,2020-06-18 21:02:18,63.29,18.72,66.2,68,8,3.36
461,Kalabo,ZM,2020-06-18 21:02:18,-14.97,22.68,56.08,55,0,7.45
462,Poronaysk,RU,2020-06-18 21:02:19,49.22,143.12,46.02,94,100,10.04
463,Ovalle,CL,2020-06-18 21:02:19,-30.6,-71.2,64.18,42,100,1.92
464,Edgewater,US,2020-06-18 21:02:19,28.99,-80.9,86.0,62,40,11.41
465,Bor,RU,2020-06-18 21:02:19,56.36,44.07,61.0,100,2,7.02
466,Port Shepstone,ZA,2020-06-18 21:02:19,-30.74,30.45,58.3,77,3,7.2
467,Ahuimanu,US,2020-06-18 21:02:20,21.44,-157.84,82.4,61,90,16.11
468,Dingle,PH,2020-06-18 20:58:24,11.0,122.67,75.36,93,100,7.56
469,Shu,KZ,2020-06-18 21:02:20,43.6,73.76,60.69,36,0,7.72
470,Acarau,BR,2020-06-18 21:01:27,-2.89,-40.12,79.75,78,30,11.83
471,North Bend,US,2020-06-18 21:02:21,43.41,-124.22,79.0,72,1,23.04
472,Mangalam,IN,2020-06-18 21:02:21,9.77,78.67,86.0,62,20,3.69
473,Fujin,CN,2020-06-18 21:02:21,47.26,132.03,51.3,87,0,8.81
474,Khash,IR,2020-06-18 21:02:21,28.22,61.22,75.65,18,0,4.94
475,Biltine,TD,2020-06-18 21:02:21,14.53,20.92,83.41,37,16,15.7
476,Atasu,KZ,2020-06-18 21:02:22,48.68,71.64,58.48,80,99,11.68
477,Manavalakurichi,IN,2020-06-18 21:02:22,8.13,77.3,82.4,78,20,3.36
478,Touros,BR,2020-06-18 20:58:17,-5.2,-35.46,75.2,94,75,9.17
479,Salinopolis,BR,2020-06-18 21:02:22,-0.61,-47.36,79.75,85,89,11.25
480,Osa,RU,2020-06-18 21:02:23,57.28,55.46,44.15,79,0,1.45
481,Urumqi,CN,2020-06-18 20:58:08,43.8,87.6,69.8,43,76,4.47
482,Ixtapa,MX,2020-06-18 21:02:23,20.7,-105.2,86.0,45,5,13.87
483,Reconquista,AR,2020-06-18 21:02:23,-29.15,-59.65,62.44,70,0,7.27
484,Atikokan,CA,2020-06-18 21:02:23,48.76,-91.62,81.0,51,100,8.01
485,Yar-Sale,RU,2020-06-18 20:58:25,66.83,70.83,36.95,79,36,10.71
486,Ketchikan,US,2020-06-18 20:57:20,55.34,-131.65,57.2,100,90,23.04
487,Calama,CL,2020-06-18 21:02:24,-22.47,-68.93,73.4,4,83,16.11
488,Hualmay,PE,2020-06-18 20:57:34,-11.1,-77.61,66.74,72,6,9.48
489,Roma,US,2020-06-18 21:00:05,43.21,-75.46,87.8,38,1,6.93
490,Mega,ET,2020-06-18 21:02:25,4.05,38.3,61.72,72,65,4.32
491,Zyryanskoye,RU,2020-06-18 21:02:25,56.83,86.63,53.73,94,88,5.88
492,Cayenne,GF,2020-06-18 20:57:37,4.93,-52.33,80.6,88,60,4.7
493,Kansk,RU,2020-06-18 21:02:25,56.2,95.72,57.63,83,100,5.55
494,Terekli-Mekteb,RU,2020-06-18 21:02:25,44.17,45.87,71.29,53,85,10.8
495,Guane,CU,2020-06-18 21:02:26,22.2,-84.09,85.68,67,96,4.94
496,Tanda,IN,2020-06-18 21:02:26,26.55,82.65,83.98,79,100,9.98
497,Rassvet,RU,2020-06-18 21:02:26,46.83,40.75,67.87,56,88,8.72
498,Mogadishu,SO,2020-06-18 20:57:30,2.04,45.34,78.1,83,96,16.67
499,Davidson,US,2020-06-18 21:01:07,36.15,-86.78,84.2,45,75,6.73
500,Faya,SA,2020-06-18 21:02:27,18.39,42.45,77.0,49,20,3.4
501,Richards Bay,ZA,2020-06-18 21:02:27,-28.78,32.04,58.78,79,100,4.16
502,Ostrovnoy,RU,2020-06-18 21:02:27,68.05,39.51,53.04,72,100,11.83
503,Panjab,AF,2020-06-18 21:02:27,34.39,67.02,51.19,46,0,4.23
504,Port Hedland,AU,2020-06-18 20:57:21,-20.32,118.57,60.8,100,90,6.93
505,Esperance,AU,2020-06-18 20:57:17,-33.87,121.9,46.4,93,28,11.41
506,Vasilyevskiy Mokh,RU,2020-06-18 21:02:28,57.01,35.92,66.47,93,0,6.04
507,Kavieng,PG,2020-06-18 20:57:52,-2.57,150.8,82.54,72,28,3.91
508,Barra Patuca,HN,2020-06-18 21:02:29,15.8,-84.28,84.54,69,92,12.88
509,Saint-Augustin,CA,2020-06-18 20:57:59,51.23,-58.65,57.38,95,100,3.56
510,Limbang,MY,2020-06-18 21:02:29,4.75,115.0,77.0,94,75,5.82
511,Kahului,US,2020-06-18 20:57:19,20.89,-156.47,87.8,48,20,24.16
512,Spearfish,US,2020-06-18 21:02:29,44.49,-103.86,64.0,39,97,5.01
513,Camacha,PT,2020-06-18 21:02:30,33.08,-16.33,69.8,83,20,9.17
514,Sibut,CF,2020-06-18 21:02:30,5.72,19.07,71.56,82,100,1.21
515,Saltpond,GH,2020-06-18 21:02:30,5.21,-1.06,75.74,88,100,2.37
516,Sorland,NO,2020-06-18 20:58:10,67.67,12.69,47.7,85,0,23.87
517,Sinnamary,GF,2020-06-18 20:57:35,5.38,-52.95,79.23,82,84,8.57
518,Ngong,KE,2020-06-18 21:02:31,-1.36,36.66,60.8,87,75,3.06
519,Luorong,CN,2020-06-18 21:02:31,24.41,109.61,76.95,90,100,2.53
520,Faranah,GN,2020-06-18 21:02:31,10.04,-10.74,75.58,91,100,4.7
521,Moree,AU,2020-06-18 20:58:06,-29.47,149.85,48.2,87,0,12.75
522,Fort Wellington,GY,2020-06-18 21:02:31,6.4,-57.6,81.28,81,62,8.63
523,Naryan-Mar,RU,2020-06-18 21:02:32,67.67,53.09,44.33,60,99,7.16
524,Kumbhraj,IN,2020-06-18 21:02:32,24.37,77.05,87.21,50,98,10.76
525,Saldanha,ZA,2020-06-18 20:57:40,-33.01,17.94,57.2,54,0,4.7
526,Praia Da Vitoria,PT,2020-06-18 20:58:19,38.73,-27.07,69.8,68,20,4.81
527,Hervey Bay,AU,2020-06-18 20:57:35,-25.3,152.85,62.01,94,8,15.01
528,Kopavogur,IS,2020-06-18 21:02:33,64.11,-21.91,53.6,58,75,17.22
529,Saint-Joseph,RE,2020-06-18 20:57:41,-21.37,55.62,69.8,68,75,12.75
530,Stawell,AU,2020-06-18 21:02:33,-37.05,142.77,45.16,93,37,12.28
531,Smithers,CA,2020-06-18 21:00:09,54.78,-127.17,64.4,59,90,4.7
532,Muriti,TZ,2020-06-18 21:02:34,-1.98,32.92,73.4,64,20,6.87
533,Acajutla,SV,2020-06-18 20:58:17,13.59,-89.83,84.99,68,45,4.59
534,Sur,OM,2020-06-18 20:58:09,22.57,59.53,83.52,74,1,14.54
535,Ishinomaki,JP,2020-06-18 21:02:08,38.42,141.3,68.0,88,75,2.24
536,Kamenka,RU,2020-06-18 20:58:48,51.32,42.77,70.0,75,0,5.99
537,Wuwei,CN,2020-06-18 21:02:35,37.93,102.64,73.99,29,97,4.5
538,Bogdana,RO,2020-06-18 21:02:35,43.93,25.08,64.0,91,6,8.03
539,Russkaya Polyana,UA,2020-06-18 20:58:46,49.42,31.92,65.59,83,92,8.59
540,Kathmandu,NP,2020-06-18 21:00:56,27.72,85.32,69.8,100,75,2.24
541,Limpio,PY,2020-06-18 21:02:35,-25.18,-57.53,84.2,54,75,6.93
542,Asyut,EG,2020-06-18 21:00:46,27.18,31.18,82.4,34,0,10.29
543,Russkiy,RU,2020-06-18 21:02:36,43.01,131.86,50.0,100,40,5.06
544,La Rioja,ES,2020-06-18 21:02:36,42.25,-2.5,62.6,67,29,1.12
545,Uspenka,UA,2020-06-18 21:02:36,48.39,39.16,67.75,64,99,3.96
546,La Ronge,CA,2020-06-18 20:58:11,55.1,-105.28,60.8,36,75,18.34
547,Cabedelo,BR,2020-06-18 21:02:37,-6.98,-34.83,71.6,100,90,2.24
548,Presidencia Roque Saenz Pena,AR,2020-06-18 20:58:01,-26.79,-60.44,77.0,54,13,3.0
549,Ondarroa,ES,2020-06-18 21:02:37,43.32,-2.42,61.0,82,20,1.12
550,Butembo,CD,2020-06-18 21:02:37,0.15,29.28,56.89,96,24,2.46
551,Anadyr,RU,2020-06-18 20:58:41,64.75,177.48,68.0,49,33,6.71
552,Sao Jose De Piranhas,BR,2020-06-18 21:02:38,-7.12,-38.5,76.71,58,32,2.3
553,Irtyshskiy,RU,2020-06-18 21:02:38,58.33,68.13,40.8,68,92,6.89
554,Hinton,CA,2020-06-18 21:02:38,53.4,-117.59,70.21,34,79,3.62
555,Liuhe,CN,2020-06-18 21:02:38,42.24,125.72,57.29,90,0,1.61
556,Puerto Del Rosario,ES,2020-06-18 21:02:39,28.5,-13.86,73.4,78,40,11.41
557,Mezen,RU,2020-06-18 21:02:39,65.85,44.24,54.52,68,100,6.53
558,Manzhouli,CN,2020-06-18 21:02:39,49.6,117.43,62.38,53,88,3.13
559,Menongue,AO,2020-06-18 21:02:39,-14.66,17.69,51.22,64,0,4.9
560,Hamburg,DE,2020-06-18 21:00:04,53.55,10.0,66.99,77,40,3.36
561,Tynda,RU,2020-06-18 21:02:40,55.17,124.72,51.42,68,100,4.83
562,Iralaya,HN,2020-06-18 21:02:40,15.0,-83.23,89.6,70,40,6.93
563,Gisborne,NZ,2020-06-18 21:02:40,-38.65,178.0,57.99,77,100,1.99
564,Minamiashigara,JP,2020-06-18 21:02:40,35.32,139.1,64.99,100,90,3.36
565,Zhangjiakou,CN,2020-06-18 21:02:41,40.81,114.88,61.84,67,30,2.3
566,Kimbe,PG,2020-06-18 20:58:28,-5.55,150.14,77.18,84,3,4.56
567,Aksu,CN,2020-06-18 21:02:41,41.12,80.26,76.86,24,100,10.94
568,Hokitika,NZ,2020-06-18 21:02:42,-42.72,170.97,49.53,63,93,7.47
569,Ende,ID,2020-06-18 20:59:48,-8.84,121.66,77.14,83,48,8.43
570,Caconde,BR,2020-06-18 21:02:42,-21.53,-46.64,60.64,84,54,4.27
571,Lengshuijiang,CN,2020-06-18 21:02:42,27.69,111.43,70.61,89,56,1.97
572,Barahona,DO,2020-06-18 21:02:42,18.21,-71.1,91.4,52,20,13.87
573,Punto Fijo,VE,2020-06-18 21:02:43,11.7,-70.2,84.18,69,0,29.97
574,Indianola,US,2020-06-18 21:02:43,41.36,-93.56,84.99,62,90,16.11
575,Las Palmas,ES,2020-06-18 21:02:43,28.42,-14.01,73.4,78,40,11.41
576,Misratah,LY,2020-06-18 21:02:43,32.38,15.09,80.19,49,0,12.57
577,Iskateley,RU,2020-06-18 20:57:32,67.68,53.15,44.31,60,99,7.02
578,Cabot,US,2020-06-18 21:02:44,34.97,-92.02,89.6,35,40,5.82
579,Avera,US,2020-06-18 21:02:44,33.19,-82.53,84.2,45,90,6.93
580,Raudeberg,NO,2020-06-18 20:59:01,61.99,5.14,62.01,90,27,12.21
581,Trinidad,BO,2020-06-18 20:56:18,-14.83,-64.9,87.8,58,40,6.93
582,Bayan,CN,2020-06-18 21:02:45,46.08,127.4,54.3,85,28,11.65
583,Pryozerne,UA,2020-06-18 21:02:45,45.27,36.33,72.81,80,100,8.72
584,Jiancheng,CN,2020-06-18 21:02:45,30.39,104.55,75.2,88,1,3.02
585,Morropon,PE,2020-06-18 21:02:45,-5.18,-79.97,83.84,44,16,11.25
586,Port-Gentil,GA,2020-06-18 21:02:45,-0.72,8.78,77.0,83,90,6.93
587,Hare Bay,CA,2020-06-18 21:02:46,48.85,-54.01,64.4,82,90,3.36
588,Vestmannaeyjar,IS,2020-06-18 21:02:46,63.44,-20.27,49.26,77,60,19.37
589,Bud,US,2020-06-18 21:02:46,39.45,-86.18,84.99,37,1,4.7
590,Mutoko,ZW,2020-06-18 21:02:46,-17.4,32.23,48.9,96,17,5.14
591,Ammon,US,2020-06-18 21:02:47,43.47,-111.97,64.0,51,40,5.82
592,Carbonia,IT,2020-06-18 20:58:18,39.17,8.52,73.99,78,75,5.82
593,Karasjok,NO,2020-06-18 21:02:47,69.47,25.51,48.2,61,28,29.97
594,Kousseri,CM,2020-06-18 21:02:47,12.08,15.03,87.8,52,76,3.36
595,La Primavera,CO,2020-06-18 21:02:48,5.49,-70.41,73.9,96,100,3.65
596,Ust-Kuyga,RU,2020-06-18 21:02:48,70.02,135.6,72.37,49,0,2.59
597,Belyy Yar,RU,2020-06-18 21:02:48,53.6,91.39,60.8,77,94,8.95
